ion,concentration
NH4+,0.001
SO4-2,0.0005008695652173
Al+3,0.0
Cl-,0.5252542148556288
NO3-,0.0
K+,0.0011342376774368
Ba+2,0.0
Be+2,0.0
Ca+2,0.0135135135135135
Br-,0.0008403361344537
oxalate-2,0.0
Cd+2,0.0
Co+2,0.0007986548970155
Cs+,0.0
Cu+2,1.1730205278592376e-05
Fe+3,7.54513608191862e-06
Fe+2,0.0
Na+,0.4495105452492937
EDTA-4,7.54513608191862e-06
Ga+3,0.0
WO4-2,0.0
B(OH)3,0.0
Hf+4,0.0
HCO3-,0.004
HPO4-2,0.0
H2AsO4-,0.0
PO4-3,0.0002939015429831
NO2-,0.0
La+3,0.0
Li+,0.0
Mg+2,0.024594195769798634
Mn+2,0.0005053057099545
MoO4-2,0.0001487603305785
HS-,0.0
SiO2,0.0
F-,0.0
NbO3-,0.0
VO+2,0.0
Ni+2,0.0001009676062263
Pb+2,0.0
CrO4-2,0.0
Rb+,0.0
Sn+2,0.0
Sr+2,0.0
Y+3,0.0
Zn+2,0.0005008695652173
Zr+4,0.0
O-2,0.0
